{
  "age": 0.059607091790190594,
  "sex": 0.024498878787551515,
  "cp": 0.18073662402245444,
  "trestbps": 0.05235020456560143,
  "chol": 0.06039140129924734,
  "fbs": 0.006237894761331108,
  "restecg": 0.014418337186633068,
  "thalach": 0.11151617675562035,
  "exang": 0.07436152799155411,
  "oldpeak": 0.10558741612327326,
  "slope": 0.06408121287338336,
  "ca": 0.09718866135921647,
  "thal": 0.1490245724839429
}